{
  "video_path": "C:\\Users\\tharshananth N\\Downloads\\21894391-preview.mp4",
  "output_path": "blind_spot_detection_output.mp4",
  "total_frames": 600,
  "processed_frames": 600,
  "processing_time": 42.37934899330139,
  "avg_fps": 14.157839000661331,
  "avg_process_time": 0.02939307928085327,
  "statistics": {
    "total_detections": 2880,
    "danger_alerts": 443,
    "warning_alerts": 599,
    "max_vehicles_detected": 8,
    "processing_times": [
      2.587578058242798,
      0.013001203536987305,
      0.012975692749023438,
      0.016009092330932617,
      0.01100301742553711,
      0.010003089904785156,
      0.013000011444091797,
      0.016036033630371094,
      0.014990091323852539,
      0.021255970001220703,
      0.013974428176879883,
      0.015999317169189453,
      0.01806163787841797,
      0.016019344329833984,
      0.008982419967651367,
      0.022017478942871094,
      0.022975683212280273,
      0.01404881477355957,
      0.03512430191040039,
      0.013888120651245117,
      0.014012575149536133,
      0.02202153205871582,
      0.02004408836364746,
      0.0178987979888916,
      0.018987417221069336,
      0.009904861450195312,
      0.017996549606323242,
      0.011513233184814453,
      0.008998394012451172,
      0.008988380432128906,
      0.008999824523925781,
      0.018005847930908203,
      0.011980056762695312,
      0.027516603469848633,
      0.007998943328857422,
      0.009003877639770508,
      0.00800180435180664,
      0.016033411026000977,
      0.01799607276916504,
      0.011983871459960938,
      0.010995149612426758,
      0.018996477127075195,
      0.030271291732788086,
      0.018879175186157227,
      0.019987106323242188,
      0.022533178329467773,
      0.03499579429626465,
      0.017983198165893555,
      0.017930269241333008,
      0.02600407600402832,
      0.017885446548461914,
      0.008890867233276367,
      0.0240020751953125,
      0.011008977890014648,
      0.017891645431518555,
      0.011510848999023438,
      0.009974241256713867,
      0.011886358261108398,
      0.012982606887817383,
      0.023112058639526367,
      0.00899648666381836,
      0.010494709014892578,
      0.009979486465454102,
      0.010499000549316406,
      0.01299905776977539,
      0.010005950927734375,
      0.009985208511352539,
      0.012992382049560547,
      0.01098179817199707,
      0.016118526458740234,
      0.01299428939819336,
      0.009996652603149414,
      0.010984659194946289,
      0.00899958610534668,
      0.01001596450805664,
      0.015438318252563477,
      0.020982980728149414,
      0.018994808197021484,
      0.01992344856262207,
      0.020999670028686523,
      0.018991708755493164,
      0.022557973861694336,
      0.02100062370300293,
      0.020000457763671875,
      0.021992921829223633,
      0.020993471145629883,
      0.026087045669555664,
      0.02489757537841797,
      0.0299837589263916,
      0.022653818130493164,
      0.02298140525817871,
      0.02098250389099121,
      0.01954793930053711,
      0.021995067596435547,
      0.020999670028686523,
      0.0261843204498291,
      0.023746013641357422,
      0.022006750106811523,
      0.0249176025390625,
      0.022983789443969727,
      0.021509170532226562,
      0.021944046020507812,
      0.023881912231445312,
      0.024103641510009766,
      0.02189803123474121,
      0.02499699592590332,
      0.023028135299682617,
      0.022886037826538086,
      0.024402141571044922,
      0.02298259735107422,
      0.023996353149414062,
      0.02725982666015625,
      0.029872417449951172,
      0.03898215293884277,
      0.03799915313720703,
      0.037652015686035156,
      0.0375523567199707,
      0.03795027732849121,
      0.0368804931640625,
      0.03798365592956543,
      0.036519527435302734,
      0.040584564208984375,
      0.03998231887817383,
      0.024750232696533203,
      0.028398752212524414,
      0.025444746017456055,
      0.02099776268005371,
      0.024005413055419922,
      0.029906034469604492,
      0.021989107131958008,
      0.021985769271850586,
      0.0220034122467041,
      0.024994850158691406,
      0.022063732147216797,
      0.022004127502441406,
      0.023991107940673828,
      0.022526264190673828,
      0.02401280403137207,
      0.02389049530029297,
      0.02115154266357422,
      0.022880077362060547,
      0.043315887451171875,
      0.027568817138671875,
      0.03311300277709961,
      0.02597784996032715,
      0.026009798049926758,
      0.021890878677368164,
      0.02297687530517578,
      0.02409648895263672,
      0.029976367950439453,
      0.03697323799133301,
      0.03695797920227051,
      0.037549734115600586,
      0.0376284122467041,
      0.03702068328857422,
      0.03717660903930664,
      0.03687715530395508,
      0.023389339447021484,
      0.02499222755432129,
      0.02497577667236328,
      0.02399730682373047,
      0.027985811233520508,
      0.026493549346923828,
      0.021993637084960938,
      0.021977901458740234,
      0.022530078887939453,
      0.021999359130859375,
      0.021988868713378906,
      0.02136397361755371,
      0.021982431411743164,
      0.02440667152404785,
      0.02200007438659668,
      0.023998260498046875,
      0.030403614044189453,
      0.02798748016357422,
      0.021878719329833984,
      0.021313190460205078,
      0.023990392684936523,
      0.022983551025390625,
      0.02658224105834961,
      0.02399921417236328,
      0.021993160247802734,
      0.02100229263305664,
      0.022998809814453125,
      0.023041963577270508,
      0.02900075912475586,
      0.03789329528808594,
      0.03788566589355469,
      0.03812742233276367,
      0.04150843620300293,
      0.03687882423400879,
      0.03800201416015625,
      0.0375216007232666,
      0.03744029998779297,
      0.03798866271972656,
      0.038983821868896484,
      0.03289484977722168,
      0.024401187896728516,
      0.027436017990112305,
      0.023000717163085938,
      0.021012067794799805,
      0.02298426628112793,
      0.020997285842895508,
      0.02351212501525879,
      0.02188587188720703,
      0.020885229110717773,
      0.02227640151977539,
      0.02099752426147461,
      0.021915912628173828,
      0.0229947566986084,
      0.022995471954345703,
      0.0214996337890625,
      0.02188897132873535,
      0.023996353149414062,
      0.02155470848083496,
      0.02296757698059082,
      0.028001070022583008,
      0.028231143951416016,
      0.02199840545654297,
      0.020997047424316406,
      0.02299642562866211,
      0.026723146438598633,
      0.025418758392333984,
      0.028882980346679688,
      0.037969112396240234,
      0.0375216007232666,
      0.022898197174072266,
      0.02189326286315918,
      0.022983312606811523,
      0.02486109733581543,
      0.023995161056518555,
      0.024502277374267578,
      0.024900436401367188,
      0.021993398666381836,
      0.022526264190673828,
      0.02295994758605957,
      0.022988080978393555,
      0.023005247116088867,
      0.023000240325927734,
      0.022459745407104492,
      0.022874832153320312,
      0.02397322654724121,
      0.021462440490722656,
      0.02199387550354004,
      0.02199554443359375,
      0.02385425567626953,
      0.02199387550354004,
      0.022350311279296875,
      0.023920774459838867,
      0.021996259689331055,
      0.02550363540649414,
      0.022977828979492188,
      0.023998498916625977,
      0.022022485733032227,
      0.022975921630859375,
      0.04052257537841797,
      0.03776407241821289,
      0.03999805450439453,
      0.037982940673828125,
      0.03798222541809082,
      0.022105932235717773,
      0.02288651466369629,
      0.022879600524902344,
      0.02289128303527832,
      0.02288651466369629,
      0.02151322364807129,
      0.021997690200805664,
      0.021487712860107422,
      0.023507356643676758,
      0.02321457862854004,
      0.02198505401611328,
      0.02289271354675293,
      0.02185344696044922,
