{
  "video_path": "C:\\Users\\tharshananth N\\Downloads\\21894391-preview.mp4",
  "output_path": "blind_spot_detection_output.mp4",
  "total_frames": 600,
  "processed_frames": 517,
  "processing_time": 50.42108082771301,
  "avg_fps": 10.253647710698033,
  "avg_process_time": 0.039599993242747086,
  "statistics": {
    "total_detections": 2585,
    "danger_alerts": 376,
    "warning_alerts": 516,
    "max_vehicles_detected": 8,
    "processing_times": [
      3.81973934173584,
      0.029488325119018555,
      0.031905412673950195,
      0.03304123878479004,
      0.03731131553649902,
      0.04137849807739258,
      0.016588926315307617,
      0.040558815002441406,
      0.03401541709899902,
      0.050028324127197266,
      0.05193924903869629,
      0.020999670028686523,
      0.02157139778137207,
      0.024164199829101562,
      0.02397012710571289,
      0.034123897552490234,
      0.036110877990722656,
      0.021722078323364258,
      0.02302098274230957,
      0.03373074531555176,
      0.022039413452148438,
      0.03500771522521973,
      0.021658658981323242,
      0.017988920211791992,
      0.026005029678344727,
      0.03668212890625,
      0.04157900810241699,
      0.039626121520996094,
      0.0249783992767334,
      0.026001691818237305,
      0.034325361251831055,
      0.020036935806274414,
      0.020009517669677734,
      0.023524761199951172,
      0.026022911071777344,
      0.04800248146057129,
      0.022045373916625977,
      0.039803504943847656,
      0.021081924438476562,
      0.02200913429260254,
      0.021675586700439453,
      0.023001909255981445,
      0.02201986312866211,
      0.02707648277282715,
      0.024003982543945312,
      0.0290529727935791,
      0.022685766220092773,
      0.024339914321899414,
      0.03299999237060547,
      0.040642499923706055,
      0.025577306747436523,
      0.02602219581604004,
      0.02299976348876953,
      0.027167320251464844,
      0.034833431243896484,
      0.03304409980773926,
      0.02995014190673828,
      0.029165267944335938,
      0.027070045471191406,
      0.026009082794189453,
      0.03333926200866699,
      0.035776376724243164,
      0.024140596389770508,
      0.031014442443847656,
      0.03199291229248047,
      0.024750709533691406,
      0.02992987632751465,
      0.03399491310119629,
      0.025001049041748047,
      0.026015520095825195,
      0.030999422073364258,
      0.025998592376708984,
      0.024025440216064453,
      0.03296971321105957,
      0.029988527297973633,
      0.025740861892700195,
      0.025053024291992188,
      0.036988258361816406,
      0.025670766830444336,
      0.026021957397460938,
      0.030045032501220703,
      0.02971339225769043,
      0.029764175415039062,
      0.026028156280517578,
      0.0269925594329834,
      0.04851961135864258,
      0.04455757141113281,
      0.04256010055541992,
      0.04279446601867676,
      0.03827714920043945,
      0.029998064041137695,
      0.030998945236206055,
      0.02482438087463379,
      0.02576756477355957,
      0.03691983222961426,
      0.031769752502441406,
      0.029750585556030273,
      0.029043197631835938,
      0.027026653289794922,
      0.03571367263793945,
      0.03255748748779297,
      0.031184911727905273,
      0.0339970588684082,
      0.023574113845825195,
      0.029015302658081055,
      0.026005983352661133,
      0.027040719985961914,
      0.024161815643310547,
      0.03298306465148926,
      0.03099822998046875,
      0.02556157112121582,
      0.024999141693115234,
      0.031014204025268555,
      0.024758100509643555,
      0.038121700286865234,
      0.04001116752624512,
      0.04112744331359863,
      0.04088091850280762,
      0.03972649574279785,
      0.04103899002075195,
      0.0290071964263916,
      0.03399491310119629,
      0.02654576301574707,
      0.02701401710510254,
      0.02504873275756836,
      0.030014753341674805,
      0.03574872016906738,
      0.028065919876098633,
      0.03498649597167969,
      0.029034137725830078,
      0.026700735092163086,
      0.03713726997375488,
      0.027086257934570312,
      0.025968313217163086,
      0.027973175048828125,
      0.02901148796081543,
      0.027998685836791992,
      0.03464102745056152,
      0.028011083602905273,
      0.026999235153198242,
      0.028000831604003906,
      0.02952122688293457,
      0.05356264114379883,
      0.03196120262145996,
      0.04401993751525879,
      0.041951656341552734,
      0.040972232818603516,
      0.037674665451049805,
      0.04182934761047363,
      0.03818511962890625,
      0.04464840888977051,
      0.028038501739501953,
      0.026653051376342773,
      0.027019977569580078,
      0.024991989135742188,
      0.02795886993408203,
      0.025989532470703125,
      0.030013084411621094,
      0.027946949005126953,
      0.025016307830810547,
      0.025342702865600586,
      0.02915024757385254,
      0.023909807205200195,
      0.02604079246520996,
      0.024569988250732422,
      0.026514530181884766,
      0.024005413055419922,
      0.025739192962646484,
      0.028073549270629883,
      0.024982929229736328,
      0.027133703231811523,
      0.03529620170593262,
      0.02822732925415039,
      0.03215456008911133,
      0.024993181228637695,
      0.03865170478820801,
      0.0318911075592041,
      0.04316425323486328,
      0.039995670318603516,
      0.04200577735900879,
      0.03871774673461914,
      0.04016447067260742,
      0.04013252258300781,
      0.04095029830932617,
      0.030012130737304688,
      0.03153276443481445,
      0.02701091766357422,
      0.030980825424194336,
      0.0341796875,
      0.02847123146057129,
      0.02713608741760254,
      0.028957128524780273,
      0.028846263885498047,
      0.027550220489501953,
      0.03154611587524414,
      0.026842117309570312,
      0.03607964515686035,
      0.03318667411804199,
      0.027043581008911133,
      0.038704872131347656,
      0.02807140350341797,
      0.03324699401855469,
      0.0259091854095459,
      0.026007413864135742,
      0.025624513626098633,
      0.026608705520629883,
      0.02551865577697754,
      0.02599811553955078,
      0.04121112823486328,
      0.042681217193603516,
      0.0430605411529541,
      0.04574751853942871,
      0.048548221588134766,
      0.0421605110168457,
      0.0421452522277832,
      0.04405927658081055,
      0.03936910629272461,
      0.04024028778076172,
      0.04169797897338867,
      0.04604983329772949,
      0.04093742370605469,
      0.04198813438415527,
      0.04047226905822754,
      0.040689945220947266,
      0.04015350341796875,
      0.04497122764587402,
      0.039002418518066406,
      0.04856061935424805,
      0.02753591537475586,
      0.022970914840698242,
      0.028433561325073242,
      0.034134626388549805,
      0.026121854782104492,
      0.024149656295776367,
      0.025023221969604492,
      0.037291526794433594,
      0.031998634338378906,
      0.025006771087646484,
      0.02482438087463379,
      0.024909257888793945,
      0.0304868221282959,
      0.027405738830566406,
      0.03354763984680176,
      0.034651994705200195,
      0.02799534797668457,
      0.04852652549743652,
      0.03155946731567383,
      0.03360605239868164,
      0.030244827270507812,
      0.03002142906188965,
      0.025639772415161133,
      0.040857553482055664,
      0.04111027717590332,
      0.040863752365112305,
      0.04327034950256348,
      0.040761470794677734,
      0.041391611099243164,
      0.04013967514038086,
      0.039870262145996094,
      0.0406951904296875,
      0.04468822479248047,
      0.040534257888793945,
      0.04138040542602539,
      0.04100751876831055,
      0.04104447364807129,
      0.04999732971191406,
      0.03357744216918945,
      0.02669692039489746,
      0.03630685806274414,
      0.026067733764648438,
      0.02595210075378418,
      0.030164718627929688,
      0.025142431259155273,
      0.024982452392578125,
      0.0364832878112793,
